{
    "0": {
        "10.1.40.42": 0.525, 
        "10.254.254.120": 0.6363636363636364, 
        "10.254.254.138": 1.0
    }, 
    "1": {
        "10.254.254.103": 0.65625, 
        "10.254.254.29": 0.84, 
        "10.254.254.42": 0.6176470588235294, 
        "10.254.254.52": 0.6774193548387096, 
        "10.254.254.57": 0.6774193548387096, 
        "10.254.254.65": 0.75, 
        "10.254.254.85": 0.6774193548387096
    }, 
    "2": {
        "10.254.254.28": 0.9130434782608695, 
        "10.254.254.56": 0.5526315789473685
    }, 
    "3": {
        "10.254.254.137": 0.5833333333333334, 
        "10.254.254.143": 0.6, 
        "10.254.254.66": 0.875
    }, 
    "4": {
        "10.1.40.113": 0.75, 
        "10.254.254.193": 0.84, 
        "10.254.254.37": 0.6176470588235294, 
        "10.254.254.38": 0.7, 
        "10.254.254.58": 0.7241379310344828, 
        "10.254.254.74": 0.6, 
        "10.254.254.94": 0.6
    }
}