{
    "0": {
        "10.1.40.42": 0.03590126345399095, 
        "10.254.254.120": 0.16874173950718874, 
        "10.254.254.138": 0.32105006915420403
    }, 
    "1": {
        "10.254.254.103": 0.19155371431074084, 
        "10.254.254.29": 0.2890563005857348, 
        "10.254.254.42": 0.15691781720515577, 
        "10.254.254.52": 0.21015016590113045, 
        "10.254.254.57": 0.1977836415670287, 
        "10.254.254.65": 0.2623840920818724, 
        "10.254.254.85": 0.19850720917616488
    }, 
    "2": {
        "10.254.254.28": 0.3094624493213466, 
        "10.254.254.56": 0.08886046407902566
    }, 
    "3": {
        "10.254.254.137": 0.11231372234541925, 
        "10.254.254.143": 0.12218584883025715, 
        "10.254.254.66": 0.2927308968418879
    }, 
    "4": {
        "10.1.40.113": 0.25931465898371026, 
        "10.254.254.193": 0.2933885869876035, 
        "10.254.254.37": 0.14388332325659398, 
        "10.254.254.38": 0.21220392005654376, 
        "10.254.254.58": 0.23881547800958397, 
        "10.254.254.74": 0.14030085936953407, 
        "10.254.254.94": 0.13451121197033666
    }
}