{
    "0": {
        "10.1.40.42": 0.0, 
        "10.254.254.120": 0.01666666666666667, 
        "10.254.254.138": 0.1623471105613963
    }, 
    "1": {
        "10.254.254.103": 0.0024434824434824438, 
        "10.254.254.29": 0.04882103346389061, 
        "10.254.254.42": 0.0014814814814814816, 
        "10.254.254.52": 0.008384353741496597, 
        "10.254.254.57": 0.009044011544011545, 
        "10.254.254.65": 0.015164570878856594, 
        "10.254.254.85": 0.008182333539476396
    }, 
    "2": {
        "10.254.254.28": 0.07281196316910604, 
        "10.254.254.56": 0.0
    }, 
    "3": {
        "10.254.254.137": 0.0023129251700680273, 
        "10.254.254.143": 0.005088985088985089, 
        "10.254.254.66": 0.0659769463340892
    }, 
    "4": {
        "10.1.40.113": 0.018673641173641176, 
        "10.254.254.193": 0.03971672507386794, 
        "10.254.254.37": 0.0032312925170068026, 
        "10.254.254.38": 0.011472205043633617, 
        "10.254.254.58": 0.02042517006802721, 
        "10.254.254.74": 0.001360544217687075, 
        "10.254.254.94": 0.0006802721088435375
    }
}