{
    "22": [
        "density:0.575757575758", 
        "traidic_closure: 0.665569453588", 
        "root diameter :2"
    ], 
    "Big Brokers": [
        [
            "10.254.254.138", 
            0.1623471105613963
        ], 
        [
            "10.254.254.28", 
            0.07281196316910604
        ], 
        [
            "10.254.254.66", 
            0.0659769463340892
        ], 
        [
            "10.254.254.29", 
            0.04882103346389061
        ], 
        [
            "10.254.254.193", 
            0.03971672507386794
        ]
    ], 
    "Biggests Hubs": [
        [
            "10.254.254.138", 
            1.0952380952380951
        ], 
        [
            "10.254.254.28", 
            1.0
        ], 
        [
            "10.254.254.66", 
            0.9523809523809523
        ], 
        [
            "10.254.254.29", 
            0.9047619047619047
        ], 
        [
            "10.254.254.193", 
            0.9047619047619047
        ]
    ], 
    "Most Influentials": [
        [
            "10.254.254.138", 
            0.32105006915420403
        ], 
        [
            "10.254.254.28", 
            0.3094624493213466
        ], 
        [
            "10.254.254.193", 
            0.2933885869876035
        ], 
        [
            "10.254.254.66", 
            0.2927308968418879
        ], 
        [
            "10.254.254.29", 
            0.2890563005857348
        ]
    ], 
    "Root Hit Broker": "10.254.254.29", 
    "Total Communities:": 5, 
    "community_Bet": {
        "0": {
            "10.1.40.42": 0.0, 
            "10.254.254.120": 0.01666666666666667, 
            "10.254.254.138": 0.1623471105613963
        }, 
        "1": {
            "10.254.254.103": 0.0024434824434824438, 
            "10.254.254.29": 0.04882103346389061, 
            "10.254.254.42": 0.0014814814814814816, 
            "10.254.254.52": 0.008384353741496597, 
            "10.254.254.57": 0.009044011544011545, 
            "10.254.254.65": 0.015164570878856594, 
            "10.254.254.85": 0.008182333539476396
        }, 
        "2": {
            "10.254.254.28": 0.07281196316910604, 
            "10.254.254.56": 0.0
        }, 
        "3": {
            "10.254.254.137": 0.0023129251700680273, 
            "10.254.254.143": 0.005088985088985089, 
            "10.254.254.66": 0.0659769463340892
        }, 
        "4": {
            "10.1.40.113": 0.018673641173641176, 
            "10.254.254.193": 0.03971672507386794, 
            "10.254.254.37": 0.0032312925170068026, 
            "10.254.254.38": 0.011472205043633617, 
            "10.254.254.58": 0.02042517006802721, 
            "10.254.254.74": 0.001360544217687075, 
            "10.254.254.94": 0.0006802721088435375
        }
    }, 
    "community_Close": {
        "0": {
            "10.1.40.42": 0.525, 
            "10.254.254.120": 0.6363636363636364, 
            "10.254.254.138": 1.0
        }, 
        "1": {
            "10.254.254.103": 0.65625, 
            "10.254.254.29": 0.84, 
            "10.254.254.42": 0.6176470588235294, 
            "10.254.254.52": 0.6774193548387096, 
            "10.254.254.57": 0.6774193548387096, 
            "10.254.254.65": 0.75, 
            "10.254.254.85": 0.6774193548387096
        }, 
        "2": {
            "10.254.254.28": 0.9130434782608695, 
            "10.254.254.56": 0.5526315789473685
        }, 
        "3": {
            "10.254.254.137": 0.5833333333333334, 
            "10.254.254.143": 0.6, 
            "10.254.254.66": 0.875
        }, 
        "4": {
            "10.1.40.113": 0.75, 
            "10.254.254.193": 0.84, 
            "10.254.254.37": 0.6176470588235294, 
            "10.254.254.38": 0.7, 
            "10.254.254.58": 0.7241379310344828, 
            "10.254.254.74": 0.6, 
            "10.254.254.94": 0.6
        }
    }, 
    "community_Eigen": {
        "0": {
            "10.1.40.42": 0.03590126345399095, 
            "10.254.254.120": 0.16874173950718874, 
            "10.254.254.138": 0.32105006915420403
        }, 
        "1": {
            "10.254.254.103": 0.19155371431074084, 
            "10.254.254.29": 0.2890563005857348, 
            "10.254.254.42": 0.15691781720515577, 
            "10.254.254.52": 0.21015016590113045, 
            "10.254.254.57": 0.1977836415670287, 
            "10.254.254.65": 0.2623840920818724, 
            "10.254.254.85": 0.19850720917616488
        }, 
        "2": {
            "10.254.254.28": 0.3094624493213466, 
            "10.254.254.56": 0.08886046407902566
        }, 
        "3": {
            "10.254.254.137": 0.11231372234541925, 
            "10.254.254.143": 0.12218584883025715, 
            "10.254.254.66": 0.2927308968418879
        }, 
        "4": {
            "10.1.40.113": 0.25931465898371026, 
            "10.254.254.193": 0.2933885869876035, 
            "10.254.254.37": 0.14388332325659398, 
            "10.254.254.38": 0.21220392005654376, 
            "10.254.254.58": 0.23881547800958397, 
            "10.254.254.74": 0.14030085936953407, 
            "10.254.254.94": 0.13451121197033666
        }
    }, 
    "perCommunityHitBroker": [
        {
            "0": "10.254.254.138"
        }, 
        {
            "1": "10.254.254.29"
        }, 
        {
            "2": "10.254.254.28"
        }, 
        {
            "3": "10.254.254.66"
        }, 
        {
            "4": "10.254.254.193"
        }
    ], 
    "perCommunityImpHub": [
        {
            "0": "10.254.254.138"
        }, 
        {
            "1": "10.254.254.29"
        }, 
        {
            "2": "10.254.254.28"
        }, 
        {
            "3": "10.254.254.66"
        }, 
        {
            "4": "10.254.254.193"
        }
    ], 
    "perCommunityInfluential": [
        {
            "0": "10.254.254.138"
        }, 
        {
            "1": "10.254.254.29"
        }, 
        {
            "2": "10.254.254.28"
        }, 
        {
            "3": "10.254.254.66"
        }, 
        {
            "4": "10.254.254.193"
        }
    ]
}